threshold,accuracy,approval_rate,decline_rate,default_rate_approved,recall_default,precision_default,tn,fp,fn,tp
0.05,0.33,0.05,0.95,0.2,0.9666666666666667,0.30526315789473685,4,66,1,29
0.06,0.34,0.06,0.94,0.16666666666666666,0.9666666666666667,0.30851063829787234,5,65,1,29
0.07,0.38,0.1,0.9,0.1,0.9666666666666667,0.32222222222222224,9,61,1,29
0.08,0.41,0.13,0.87,0.07692307692307693,0.9666666666666667,0.3333333333333333,12,58,1,29
0.09,0.47,0.19,0.81,0.05263157894736842,0.9666666666666667,0.35802469135802467,18,52,1,29
0.1,0.49,0.21,0.79,0.047619047619047616,0.9666666666666667,0.3670886075949367,20,50,1,29
0.11,0.54,0.26,0.74,0.038461538461538464,0.9666666666666667,0.3918918918918919,25,45,1,29
0.12,0.55,0.27,0.73,0.037037037037037035,0.9666666666666667,0.3972602739726027,26,44,1,29
0.13,0.57,0.29,0.71,0.034482758620689655,0.9666666666666667,0.4084507042253521,28,42,1,29
0.14,0.58,0.32,0.6799999999999999,0.0625,0.9333333333333333,0.4117647058823529,30,40,2,28
0.15,0.58,0.34,0.6599999999999999,0.08823529411764706,0.9,0.4090909090909091,31,39,3,27
0.16,0.61,0.37,0.63,0.08108108108108109,0.9,0.42857142857142855,34,36,3,27
0.17,0.62,0.38,0.62,0.07894736842105263,0.9,0.43548387096774194,35,35,3,27
0.18,0.67,0.43,0.5700000000000001,0.06976744186046512,0.9,0.47368421052631576,40,30,3,27
0.19,0.67,0.43,0.5700000000000001,0.06976744186046512,0.9,0.47368421052631576,40,30,3,27
0.2,0.67,0.43,0.5700000000000001,0.06976744186046512,0.9,0.47368421052631576,40,30,3,27
0.21,0.67,0.43,0.5700000000000001,0.06976744186046512,0.9,0.47368421052631576,40,30,3,27
0.22,0.67,0.43,0.5700000000000001,0.06976744186046512,0.9,0.47368421052631576,40,30,3,27
0.23,0.67,0.43,0.5700000000000001,0.06976744186046512,0.9,0.47368421052631576,40,30,3,27
0.24,0.68,0.44,0.56,0.06818181818181818,0.9,0.48214285714285715,41,29,3,27
0.25,0.71,0.47,0.53,0.06382978723404255,0.9,0.5094339622641509,44,26,3,27
0.26,0.71,0.47,0.53,0.06382978723404255,0.9,0.5094339622641509,44,26,3,27
0.27,0.71,0.47,0.53,0.06382978723404255,0.9,0.5094339622641509,44,26,3,27
0.28,0.71,0.47,0.53,0.06382978723404255,0.9,0.5094339622641509,44,26,3,27
0.29,0.75,0.51,0.49,0.058823529411764705,0.9,0.5510204081632653,48,22,3,27
0.3,0.77,0.53,0.47,0.05660377358490566,0.9,0.574468085106383,50,20,3,27
0.31,0.77,0.55,0.44999999999999996,0.07272727272727272,0.8666666666666667,0.5777777777777777,51,19,4,26
0.32,0.8,0.58,0.42000000000000004,0.06896551724137931,0.8666666666666667,0.6190476190476191,54,16,4,26
0.33,0.79,0.59,0.41000000000000003,0.0847457627118644,0.8333333333333334,0.6097560975609756,54,16,5,25
0.34,0.8,0.6,0.4,0.08333333333333333,0.8333333333333334,0.625,55,15,5,25
0.35,0.79,0.63,0.37,0.1111111111111111,0.7666666666666667,0.6216216216216216,56,14,7,23
0.36,0.79,0.65,0.35,0.12307692307692308,0.7333333333333333,0.6285714285714286,57,13,8,22
0.37,0.79,0.67,0.32999999999999996,0.13432835820895522,0.7,0.6363636363636364,58,12,9,21
0.38,0.78,0.7,0.30000000000000004,0.15714285714285714,0.6333333333333333,0.6333333333333333,59,11,11,19
0.39,0.75,0.75,0.25,0.2,0.5,0.6,60,10,15,15
0.4,0.74,0.76,0.24,0.21052631578947367,0.4666666666666667,0.5833333333333334,60,10,16,14
0.41,0.74,0.76,0.24,0.21052631578947367,0.4666666666666667,0.5833333333333334,60,10,16,14
0.42,0.74,0.76,0.24,0.21052631578947367,0.4666666666666667,0.5833333333333334,60,10,16,14
0.43,0.75,0.77,0.22999999999999998,0.2077922077922078,0.4666666666666667,0.6086956521739131,61,9,16,14
0.44,0.76,0.78,0.21999999999999997,0.20512820512820512,0.4666666666666667,0.6363636363636364,62,8,16,14
0.45,0.76,0.8,0.19999999999999996,0.2125,0.43333333333333335,0.65,63,7,17,13
0.46,0.75,0.81,0.18999999999999995,0.2222222222222222,0.4,0.631578947368421,63,7,18,12
0.47,0.75,0.81,0.18999999999999995,0.2222222222222222,0.4,0.631578947368421,63,7,18,12
0.48,0.76,0.82,0.18000000000000005,0.21951219512195122,0.4,0.6666666666666666,64,6,18,12
0.49,0.76,0.82,0.18000000000000005,0.21951219512195122,0.4,0.6666666666666666,64,6,18,12
0.5,0.76,0.82,0.18000000000000005,0.21951219512195122,0.4,0.6666666666666666,64,6,18,12
0.51,0.75,0.83,0.17000000000000004,0.2289156626506024,0.36666666666666664,0.6470588235294118,64,6,19,11
0.52,0.75,0.83,0.17000000000000004,0.2289156626506024,0.36666666666666664,0.6470588235294118,64,6,19,11
0.53,0.74,0.86,0.14,0.2441860465116279,0.3,0.6428571428571429,65,5,21,9
0.54,0.75,0.87,0.13,0.2413793103448276,0.3,0.6923076923076923,66,4,21,9
0.55,0.75,0.87,0.13,0.2413793103448276,0.3,0.6923076923076923,66,4,21,9
0.56,0.75,0.89,0.10999999999999999,0.24719101123595505,0.26666666666666666,0.7272727272727273,67,3,22,8
0.57,0.75,0.89,0.10999999999999999,0.24719101123595505,0.26666666666666666,0.7272727272727273,67,3,22,8
0.58,0.72,0.92,0.07999999999999996,0.2717391304347826,0.16666666666666666,0.625,67,3,25,5
0.59,0.71,0.93,0.06999999999999995,0.27956989247311825,0.13333333333333333,0.5714285714285714,67,3,26,4
0.6,0.71,0.93,0.06999999999999995,0.27956989247311825,0.13333333333333333,0.5714285714285714,67,3,26,4
0.61,0.71,0.93,0.06999999999999995,0.27956989247311825,0.13333333333333333,0.5714285714285714,67,3,26,4
0.62,0.72,0.94,0.06000000000000005,0.2765957446808511,0.13333333333333333,0.6666666666666666,68,2,26,4
0.63,0.72,0.94,0.06000000000000005,0.2765957446808511,0.13333333333333333,0.6666666666666666,68,2,26,4
0.64,0.72,0.96,0.040000000000000036,0.28125,0.1,0.75,69,1,27,3
0.65,0.72,0.96,0.040000000000000036,0.28125,0.1,0.75,69,1,27,3
0.66,0.72,0.96,0.040000000000000036,0.28125,0.1,0.75,69,1,27,3
0.67,0.72,0.96,0.040000000000000036,0.28125,0.1,0.75,69,1,27,3
0.68,0.72,0.96,0.040000000000000036,0.28125,0.1,0.75,69,1,27,3
0.69,0.72,0.96,0.040000000000000036,0.28125,0.1,0.75,69,1,27,3
0.7,0.72,0.96,0.040000000000000036,0.28125,0.1,0.75,69,1,27,3
0.71,0.72,0.96,0.040000000000000036,0.28125,0.1,0.75,69,1,27,3
0.72,0.72,0.96,0.040000000000000036,0.28125,0.1,0.75,69,1,27,3
0.73,0.71,0.97,0.030000000000000027,0.28865979381443296,0.06666666666666667,0.6666666666666666,69,1,28,2
0.74,0.7,0.98,0.020000000000000018,0.29591836734693877,0.03333333333333333,0.5,69,1,29,1
0.75,0.7,0.98,0.020000000000000018,0.29591836734693877,0.03333333333333333,0.5,69,1,29,1
0.76,0.7,0.98,0.020000000000000018,0.29591836734693877,0.03333333333333333,0.5,69,1,29,1
0.77,0.7,1.0,0.0,0.3,0.0,0.0,70,0,30,0
0.78,0.7,1.0,0.0,0.3,0.0,0.0,70,0,30,0
0.79,0.7,1.0,0.0,0.3,0.0,0.0,70,0,30,0
0.8,0.7,1.0,0.0,0.3,0.0,0.0,70,0,30,0
0.81,0.7,1.0,0.0,0.3,0.0,0.0,70,0,30,0
0.82,0.7,1.0,0.0,0.3,0.0,0.0,70,0,30,0
0.83,0.7,1.0,0.0,0.3,0.0,0.0,70,0,30,0
0.84,0.7,1.0,0.0,0.3,0.0,0.0,70,0,30,0
0.85,0.7,1.0,0.0,0.3,0.0,0.0,70,0,30,0
0.86,0.7,1.0,0.0,0.3,0.0,0.0,70,0,30,0
0.87,0.7,1.0,0.0,0.3,0.0,0.0,70,0,30,0
0.88,0.7,1.0,0.0,0.3,0.0,0.0,70,0,30,0
0.89,0.7,1.0,0.0,0.3,0.0,0.0,70,0,30,0
0.9,0.7,1.0,0.0,0.3,0.0,0.0,70,0,30,0
0.91,0.7,1.0,0.0,0.3,0.0,0.0,70,0,30,0
0.92,0.7,1.0,0.0,0.3,0.0,0.0,70,0,30,0
0.93,0.7,1.0,0.0,0.3,0.0,0.0,70,0,30,0
0.94,0.7,1.0,0.0,0.3,0.0,0.0,70,0,30,0
0.95,0.7,1.0,0.0,0.3,0.0,0.0,70,0,30,0
